log_density,alpha_AGN,logU,metallicity,OH,NV_1240,CII_1335,CIV_1548,CIV_1550,HeII_1640,OIII_1661,OIII_1666,CIII_1909,OII_3726,OII_3729,NeIII_3869,Hgamma,OIII_4363,Hbeta,OIII_5007,Halpha,NII_6583,SIII_9531,CI_9850,SII_1.033um,HeI_1.083um,PaGamma,OI_1.13um,PII_1.19um,FeII_1.26um,PaBeta,FeII_1.32um,FeII_1.64um,PaAlpha,H2_2.12um,BrGamma,OIII_52um,NII_57um,OIII_88um,NII_122um
2,-1.4,-3.0,0.0008,7.364,0.019,2.522,3.141,1.617,174.59,2.115,6.194,27.993,28.802,34.062,20.842,47.063,3.108,100.0,128.481,298.442,9.933,12.305,0.054,0.851,35.511,7.209,0.003,0.102,0.176,13.748,0.047,0.149,26.394,0.0,2.051,11.141,1.893,8.482,0.227
2,-1.4,-2.5,0.0008,7.364,0.712,2.644,26.543,13.66,181.592,5.454,15.972,61.476,12.273,14.584,26.69,47.162,6.515,100.0,204.371,297.002,4.434,11.944,0.01,0.46,35.352,6.795,0.004,0.064,0.118,13.28,0.031,0.1,25.25,0.0,1.906,14.59,2.245,11.167,0.12
2,-1.4,-2.0,0.0008,7.364,7.399,2.497,97.802,53.404,186.103,10.585,30.999,91.277,5.001,5.97,32.732,47.21,10.674,100.0,268.781,293.009,2.017,8.547,0.002,0.266,35.938,6.531,0.004,0.041,0.09,12.932,0.024,0.076,24.393,0.0,1.809,16.518,1.744,12.617,0.073
2,-1.4,-1.5,0.0008,7.364,30.65,1.799,180.354,101.369,207.644,17.627,51.632,83.398,2.232,2.686,42.113,47.276,15.787,100.0,338.399,287.861,1.084,4.718,0.003,0.183,34.808,6.521,0.003,0.031,0.078,12.79,0.021,0.066,24.019,0.0,1.787,18.499,1.008,13.849,0.056
2,-1.4,-3.0,0.0015,7.665,0.035,3.942,5.643,2.904,179.262,3.888,11.387,52.251,57.271,67.688,40.782,47.09,5.864,100.0,251.645,296.664,20.007,24.415,0.108,1.6,35.96,7.35,0.005,0.185,0.3,13.892,0.079,0.254,26.708,0.0,2.095,22.468,3.817,17.072,0.457
2,-1.4,-2.5,0.0015,7.665,1.245,3.974,46.318,24.191,190.817,9.719,28.465,111.631,24.828,29.478,51.624,47.196,12.038,100.0,397.598,294.866,9.04,23.779,0.021,0.846,35.573,7.017,0.004,0.112,0.193,13.498,0.051,0.163,25.733,0.0,1.976,29.519,4.564,22.478,0.24
2,-1.4,-2.0,0.0015,7.665,12.656,3.379,145.691,84.039,204.436,17.224,50.451,154.891,10.393,12.393,60.524,47.282,18.414,100.0,503.413,290.929,4.158,16.696,0.005,0.474,35.02,6.844,0.004,0.069,0.142,13.236,0.037,0.12,25.067,0.0,1.906,32.869,3.565,24.786,0.144
2,-1.4,-1.5,0.0015,7.665,50.869,2.28,229.797,137.221,242.753,25.456,74.586,133.428,4.823,5.796,71.071,47.346,24.527,100.0,586.138,286.344,2.226,9.113,0.009,0.328,32.123,6.817,0.003,0.053,0.127,13.093,0.034,0.107,24.688,0.0,1.88,34.766,2.06,25.393,0.104
2,-1.4,-3.0,0.0023,7.841,0.047,5.13,7.601,3.911,183.022,5.315,15.565,72.731,84.859,100.231,59.502,47.111,8.236,100.0,367.335,294.964,30.072,36.21,0.163,2.307,36.312,7.475,0.005,0.262,0.411,14.013,0.109,0.348,26.975,0.0,2.135,33.811,5.744,25.637,0.688
2,-1.4,-2.5,0.0023,7.841,1.632,5.0,60.632,32.17,198.212,12.953,37.937,151.821,37.317,44.277,74.458,47.217,16.607,100.0,576.373,292.934,13.731,35.319,0.031,1.209,35.843,7.204,0.005,0.156,0.261,13.672,0.069,0.22,26.125,0.0,2.034,44.451,6.904,33.684,0.363
2,-1.4,-2.0,0.0023,7.841,16.421,3.958,170.013,101.941,218.87,21.526,63.06,200.491,15.947,19.0,84.187,47.322,24.152,100.0,708.167,289.112,6.392,24.478,0.007,0.668,34.991,7.082,0.004,0.094,0.188,13.46,0.05,0.159,25.571,0.0,1.979,48.76,5.412,36.377,0.216
2,-1.4,-1.5,0.0023,7.841,64.434,2.583,247.637,153.821,270.634,29.562,86.641,167.996,7.643,9.179,93.41,47.387,30.184,100.0,783.853,285.225,3.482,13.339,0.018,0.467,31.541,7.024,0.003,0.073,0.171,13.298,0.045,0.145,25.147,0.0,1.945,49.502,3.138,35.525,0.154
2,-1.4,-3.0,0.003,7.966,0.057,6.104,9.074,4.67,186.19,6.443,18.869,89.406,111.441,131.557,76.996,47.127,10.26,100.0,475.489,293.416,40.075,47.663,0.217,2.98,36.595,7.586,0.006,0.336,0.515,14.119,0.136,0.435,27.21,0.0,2.17,45.117,7.663,34.146,0.921
2,-1.4,-2.5,0.003,7.966,1.903,5.782,70.222,37.817,204.474,15.338,44.923,182.503,49.588,58.801,95.227,47.234,20.337,100.0,740.643,291.197,18.46,46.509,0.042,1.555,36.093,7.364,0.005,0.198,0.324,13.822,0.086,0.274,26.463,0.0,2.084,59.293,9.245,44.722,0.486
2,-1.4,-2.0,0.003,7.966,19.07,4.375,181.339,111.859,231.019,24.375,71.412,232.747,21.589,25.709,104.631,47.347,28.519,100.0,888.992,287.586,8.699,31.956,0.011,0.855,34.935,7.268,0.004,0.118,0.232,13.637,0.061,0.196,25.971,0.0,2.037,64.173,7.266,47.422,0.288
2,-1.4,-1.5,0.003,7.966,73.487,2.813,252.859,161.384,294.217,31.996,93.794,192.993,10.636,12.768,111.659,47.417,34.222,100.0,950.125,284.302,4.835,17.472,0.031,0.602,31.026,7.183,0.003,0.092,0.213,13.455,0.056,0.18,25.501,0.0,1.995,63.165,4.235,44.724,0.208
2,-1.4,-3.0,0.0046,8.142,0.069,7.591,10.886,5.616,191.413,7.912,23.171,113.858,160.96,189.812,108.078,47.153,13.329,100.0,667.78,290.675,59.676,69.337,0.326,4.229,36.975,7.777,0.007,0.473,0.705,14.304,0.187,0.597,27.622,0.0,2.23,67.42,11.444,50.821,1.387
2,-1.4,-2.5,0.0046,8.142,2.193,6.915,80.169,44.334,214.682,18.155,53.18,224.063,73.003,86.473,130.821,47.262,25.687,100.0,1026.354,288.258,27.875,67.615,0.065,2.196,36.314,7.626,0.006,0.276,0.441,14.072,0.117,0.373,27.026,0.0,2.166,88.378,13.876,66.078,0.735
2,-1.4,-2.0,0.0046,8.142,21.881,4.998,188.235,119.057,250.702,27.279,79.939,273.209,32.766,38.979,137.77,47.377,34.326,100.0,1191.076,285.086,13.416,46.005,0.019,1.207,34.632,7.552,0.005,0.162,0.313,13.913,0.083,0.265,26.598,0.0,2.127,93.576,10.95,68.015,0.436
2,-1.4,-1.5,0.0046,8.142,83.357,3.209,251.23,165.556,332.587,34.378,100.813,228.2,16.938,20.324,140.058,47.45,39.529,100.0,1218.859,282.822,7.774,25.513,0.065,0.863,30.013,7.416,0.003,0.129,0.294,13.686,0.078,0.249,26.025,0.0,2.068,87.966,6.45,61.021,0.324
2,-1.4,-3.0,0.0061,8.267,0.075,8.534,11.396,5.898,195.474,8.51,24.923,127.016,205.093,241.61,133.931,47.173,15.241,100.0,827.789,288.379,78.507,89.185,0.432,5.353,37.159,7.935,0.008,0.599,0.88,14.463,0.233,0.744,27.977,0.0,2.281,89.158,15.119,66.934,1.85
2,-1.4,-2.5,0.0061,8.267,2.252,7.627,81.308,45.933,222.522,19.114,55.995,243.567,94.59,111.934,159.235,47.282,28.809,100.0,1259.1,285.946,37.087,86.914,0.089,2.774,36.287,7.826,0.007,0.346,0.549,14.272,0.145,0.464,27.479,0.0,2.231,116.46,18.391,86.364,0.982
2,-1.4,-2.0,0.0061,8.267,22.544,5.455,183.401,116.789,266.107,28.008,82.091,291.064,43.597,51.823,163.197,47.392,37.585,100.0,1431.938,283.205,18.184,58.961,0.029,1.531,34.178,7.756,0.005,0.204,0.391,14.121,0.103,0.33,27.07,0.0,2.194,121.292,14.571,86.918,0.585
2,-1.4,-1.5,0.0061,8.267,86.68,3.546,242.174,162.444,363.281,35.114,102.998,249.265,23.474,28.159,161.507,47.466,42.708,100.0,1430.47,281.659,10.942,33.295,0.114,1.113,29.112,7.583,0.003,0.164,0.372,13.855,0.099,0.315,26.412,0.0,2.122,110.289,8.673,75.369,0.449
2,-1.4,-3.0,0.0076,8.364,0.077,9.139,11.09,5.761,198.634,8.496,24.883,132.18,243.629,286.728,154.768,47.186,16.209,100.0,956.229,286.515,96.366,107.086,0.537,6.355,37.185,8.065,0.01,0.716,1.043,14.6,0.276,0.882,28.284,0.0,2.325,110.107,18.649,82.328,2.308
2,-1.4,-2.5,0.0076,8.364,2.175,8.127,77.79,44.704,228.638,18.907,55.391,249.131,114.034,134.817,181.429,47.295,30.312,100.0,1445.198,284.145,45.948,104.383,0.114,3.289,36.107,7.983,0.007,0.411,0.649,14.437,0.172,0.549,27.851,0.0,2.283,143.408,22.757,105.521,1.225
2,-1.4,-2.0,0.0076,8.364,21.93,5.853,173.773,110.475,278.699,27.552,80.77,296.746,53.878,64.003,182.923,47.399,39.227,100.0,1625.856,281.778,22.918,70.948,0.04,1.827,33.661,7.91,0.005,0.243,0.463,14.285,0.123,0.392,27.445,0.0,2.245,147.513,18.114,104.395,0.734
2,-1.4,-1.5,0.0076,8.364,86.406,3.863,231.558,156.717,388.768,34.933,102.489,262.379,30.062,36.057,178.168,47.474,44.578,100.0,1601.782,280.717,14.268,40.811,0.179,1.349,28.277,7.712,0.003,0.198,0.449,13.989,0.119,0.38,26.72,0.0,2.165,130.717,10.883,88.278,0.582
2,-1.4,-3.0,0.0107,8.51,0.075,9.784,9.274,4.861,202.826,7.51,21.997,127.552,304.286,357.487,183.628,47.199,16.256,100.0,1132.959,283.87,128.584,137.325,0.741,8.008,36.936,8.26,0.012,0.923,1.339,14.824,0.354,1.132,28.791,0.0,2.392,149.508,25.248,110.887,3.195
2,-1.4,-2.5,0.0107,8.51,1.853,8.812,64.942,38.222,237.154,16.748,49.076,236.184,146.386,172.781,210.992,47.304,30.235,100.0,1703.329,281.699,62.317,134.085,0.166,4.148,35.521,8.207,0.008,0.524,0.827,14.692,0.219,0.7,28.431,0.0,2.36,193.827,30.991,140.554,1.694
2,-1.4,-2.0,0.0107,8.51,18.864,6.558,148.909,93.398,298.183,25.032,73.403,287.844,72.363,85.847,210.101,47.4,39.598,100.0,1907.336,279.833,32.072,92.313,0.069,2.341,32.606,8.128,0.005,0.314,0.599,14.533,0.158,0.506,28.013,0.0,2.32,195.971,24.922,135.796,1.03
2,-1.4,-1.5,0.0107,8.51,79.946,4.436,207.516,141.082,429.24,33.049,96.991,272.565,42.91,51.452,201.899,47.479,45.878,100.0,1858.058,279.267,21.143,54.926,0.365,1.778,26.79,7.905,0.003,0.262,0.597,14.198,0.158,0.505,27.202,0.0,2.229,167.192,15.212,110.843,0.859
2,-1.4,-3.0,0.0152,8.665,0.071,10.236,6.073,3.238,205.826,5.413,15.856,104.615,361.854,424.221,204.163,47.194,14.081,100.0,1254.479,281.751,168.427,171.109,1.021,9.767,36.2,8.454,0.014,1.182,1.725,15.078,0.456,1.459,29.38,0.0,2.464,203.152,34.151,148.854,4.447
2,-1.4,-2.5,0.0152,8.665,1.334,9.589,44.149,26.482,245.091,12.42,36.401,194.096,181.143,213.375,231.221,47.293,26.673,100.0,1897.952,279.863,83.572,168.144,0.246,5.097,34.4,8.414,0.009,0.666,1.058,14.965,0.28,0.895,29.06,0.0,2.437,262.361,42.312,186.513,2.359
2,-1.4,-2.0,0.0152,8.665,13.306,7.489,109.425,67.005,318.822,20.142,59.088,250.906,94.807,112.29,231.492,47.386,36.668,100.0,2154.751,278.28,44.737,119.08,0.122,2.944,31.13,8.331,0.005,0.405,0.781,14.794,0.207,0.66,28.613,0.0,2.394,261.311,34.534,176.373,1.462
2,-1.4,-1.5,0.0152,8.665,66.162,5.179,174.575,116.823,472.161,29.0,85.134,264.706,60.638,72.688,223.336,47.472,44.766,100.0,2106.403,277.874,31.573,74.349,0.796,2.314,24.973,8.099,0.003,0.349,0.81,14.425,0.214,0.685,27.728,0.0,2.297,214.541,21.466,139.339,1.294
3,-1.4,-3.0,0.0008,7.364,0.02,2.411,3.233,1.664,173.719,2.126,6.226,27.851,26.938,16.591,20.772,47.064,3.158,100.0,129.32,298.208,10.691,12.621,0.042,1.271,85.02,7.219,0.007,0.106,0.169,13.747,0.045,0.143,26.396,0.0,2.053,5.304,0.442,1.056,0.096
3,-1.4,-2.5,0.0008,7.364,0.74,2.472,27.561,14.19,180.723,5.441,15.934,60.219,11.536,7.189,26.585,47.17,6.576,100.0,204.94,296.837,5.401,12.191,0.008,0.661,87.87,6.816,0.007,0.067,0.118,13.294,0.031,0.1,25.287,0.0,1.912,7.068,0.534,1.426,0.096
3,-1.4,-2.0,0.0008,7.364,7.718,2.275,100.512,54.859,184.948,10.463,30.64,87.154,4.716,2.988,32.536,47.236,10.694,100.0,268.815,292.999,2.938,8.677,0.002,0.363,89.134,6.568,0.007,0.043,0.093,12.969,0.025,0.078,24.487,0.0,1.82,8.132,0.42,1.663,0.096
3,-1.4,-1.5,0.0008,7.364,31.42,1.611,181.275,101.43,205.384,17.244,50.488,77.178,2.1,1.378,41.76,47.331,15.69,100.0,337.403,288.127,1.842,4.778,0.008,0.236,82.238,6.579,0.006,0.034,0.083,12.857,0.022,0.07,24.193,0.0,1.804,9.169,0.244,1.898,0.082
3,-1.4,-3.0,0.0015,7.665,0.036,3.808,5.84,3.004,178.206,3.932,11.515,52.249,53.69,33.015,40.73,47.091,5.986,100.0,253.846,296.566,21.417,25.091,0.084,2.442,85.499,7.352,0.008,0.191,0.281,13.887,0.074,0.238,26.699,0.0,2.095,10.672,0.889,2.122,0.177
3,-1.4,-2.5,0.0015,7.665,1.299,3.763,48.179,25.194,189.649,9.746,28.54,109.859,23.39,14.543,51.503,47.202,12.195,100.0,399.348,294.794,10.768,24.31,0.016,1.249,87.786,7.028,0.008,0.116,0.188,13.505,0.05,0.159,25.753,0.0,1.978,14.229,1.081,2.864,0.164
3,-1.4,-2.0,0.0015,7.665,13.224,3.123,149.732,86.25,202.601,17.117,50.117,148.66,9.815,6.196,60.295,47.301,18.525,100.0,504.547,290.881,5.67,16.996,0.004,0.669,86.016,6.871,0.007,0.073,0.143,13.263,0.038,0.121,25.135,0.0,1.913,16.029,0.854,3.266,0.149
3,-1.4,-1.5,0.0015,7.665,52.058,2.068,231.682,137.84,239.676,25.061,73.357,124.497,4.558,2.98,70.695,47.388,24.495,100.0,586.094,286.423,3.404,9.281,0.027,0.437,73.055,6.865,0.005,0.057,0.132,13.145,0.035,0.112,24.823,0.0,1.894,16.962,0.496,3.495,0.118
3,-1.4,-3.0,0.0023,7.841,0.049,5.001,7.921,4.073,181.7,5.414,15.854,73.183,79.775,48.994,59.573,47.11,8.453,100.0,371.428,295.024,32.067,37.273,0.127,3.567,85.631,7.468,0.009,0.27,0.381,14.0,0.101,0.322,26.948,0.0,2.132,16.013,1.334,3.18,0.251
3,-1.4,-2.5,0.0023,7.841,1.713,4.783,63.255,33.621,196.723,13.062,38.248,150.181,35.22,21.866,74.413,47.222,16.893,100.0,579.88,292.969,16.118,36.158,0.024,1.816,87.084,7.205,0.008,0.162,0.251,13.671,0.066,0.212,26.125,0.0,2.033,21.322,1.628,4.284,0.224
3,-1.4,-2.0,0.0023,7.841,17.236,3.701,175.049,104.733,216.718,21.497,62.937,193.421,15.099,9.512,83.986,47.337,24.382,100.0,710.702,289.129,8.396,24.969,0.006,0.965,82.462,7.097,0.007,0.099,0.187,13.477,0.049,0.158,25.614,0.0,1.983,23.571,1.288,4.79,0.191
3,-1.4,-1.5,0.0023,7.841,65.932,2.369,250.503,154.918,266.994,29.262,85.634,157.805,7.247,4.728,93.144,47.422,30.267,100.0,785.521,285.272,4.986,13.628,0.054,0.637,66.796,7.062,0.005,0.079,0.175,13.339,0.046,0.148,25.254,0.0,1.956,23.874,0.752,4.903,0.147
3,-1.4,-3.0,0.003,7.966,0.059,5.999,9.528,4.902,184.692,6.618,19.379,90.585,105.084,64.471,77.315,47.125,10.596,100.0,482.211,293.6,42.615,49.158,0.17,4.655,85.562,7.57,0.01,0.345,0.472,14.099,0.125,0.399,27.168,0.0,2.164,21.323,1.775,4.229,0.32
3,-1.4,-2.5,0.003,7.966,2.011,5.58,73.575,39.705,202.755,15.568,45.586,181.614,46.925,29.097,95.399,47.237,20.789,100.0,746.81,291.338,21.442,47.696,0.033,2.366,86.086,7.356,0.009,0.205,0.308,13.813,0.082,0.261,26.445,0.0,2.081,28.318,2.171,5.679,0.276
3,-1.4,-2.0,0.003,7.966,20.144,4.135,187.783,115.321,228.569,24.476,71.65,225.863,20.475,12.881,104.556,47.36,28.904,100.0,893.619,287.66,11.127,32.66,0.009,1.255,79.169,7.274,0.007,0.124,0.227,13.646,0.06,0.192,25.995,0.0,2.039,30.793,1.721,6.243,0.228
3,-1.4,-1.5,0.003,7.966,75.423,2.607,256.85,163.075,289.999,31.831,93.139,182.4,10.111,6.59,111.561,47.445,34.444,100.0,953.885,284.363,6.61,17.895,0.089,0.837,62.136,7.211,0.004,0.1,0.217,13.487,0.057,0.183,25.585,0.0,2.003,30.183,1.01,6.184,0.172
3,-1.4,-3.0,0.0046,8.142,0.073,7.574,11.625,5.992,189.613,8.267,24.208,117.035,152.768,93.551,109.205,47.15,13.941,100.0,681.391,291.067,63.22,71.807,0.257,6.719,85.02,7.748,0.011,0.486,0.638,14.272,0.169,0.539,27.552,0.0,2.221,31.719,2.637,6.274,0.445
3,-1.4,-2.5,0.0046,8.142,2.355,6.782,84.99,47.102,212.582,18.7,54.752,225.962,69.46,42.981,131.782,47.264,26.546,100.0,1040.203,288.584,31.893,69.603,0.052,3.41,83.641,7.603,0.009,0.286,0.414,14.049,0.109,0.35,26.977,0.0,2.159,41.877,3.234,8.369,0.368
3,-1.4,-2.0,0.0046,8.142,23.494,4.809,197.764,124.085,247.808,27.739,81.19,268.673,31.244,19.617,138.328,47.387,35.117,100.0,1202.401,285.309,16.558,47.211,0.017,1.814,73.595,7.541,0.007,0.171,0.303,13.906,0.08,0.256,26.584,0.0,2.124,44.351,2.571,8.957,0.289
3,-1.4,-1.5,0.0046,8.142,86.077,3.025,256.917,168.417,328.081,34.566,101.115,218.277,16.192,10.541,140.542,47.472,40.105,100.0,1228.343,282.949,9.975,26.229,0.183,1.234,55.583,7.428,0.004,0.14,0.294,13.702,0.078,0.249,26.071,0.0,2.072,41.44,1.527,8.458,0.216
3,-1.4,-3.0,0.0061,8.267,0.081,8.653,12.469,6.447,193.475,9.109,26.673,133.142,196.245,119.979,136.5,47.169,16.221,100.0,851.971,288.942,83.03,92.874,0.343,8.635,84.079,7.895,0.012,0.616,0.787,14.419,0.208,0.666,27.88,0.0,2.268,41.793,3.469,8.245,0.559
3,-1.4,-2.5,0.0061,8.267,2.472,7.595,87.778,49.685,220.189,20.07,58.76,249.916,90.587,55.96,161.615,47.283,30.2,100.0,1285.034,286.416,42.004,89.914,0.071,4.382,80.954,7.792,0.01,0.359,0.509,14.238,0.135,0.43,27.402,0.0,2.22,54.821,4.26,10.921,0.447
3,-1.4,-2.0,0.0061,8.267,24.724,5.327,195.672,123.691,263.03,28.926,84.652,290.799,41.804,26.211,164.898,47.401,38.898,100.0,1453.75,283.544,21.911,60.791,0.027,2.345,69.046,7.733,0.007,0.216,0.373,14.1,0.099,0.315,27.026,0.0,2.186,56.927,3.398,11.46,0.341
3,-1.4,-1.5,0.0061,8.267,90.462,3.39,249.797,166.803,358.607,35.676,104.34,241.348,22.559,14.678,162.707,47.484,43.664,100.0,1446.658,281.867,13.465,34.338,0.309,1.624,51.282,7.582,0.004,0.179,0.368,13.858,0.097,0.312,26.427,0.0,2.122,51.406,2.04,10.462,0.258
3,-1.4,-3.0,0.0076,8.364,0.084,9.41,12.489,6.48,196.558,9.348,27.372,141.752,235.312,143.655,159.381,47.182,17.612,100.0,994.688,287.18,101.921,112.243,0.43,10.403,82.863,8.017,0.013,0.737,0.924,14.547,0.244,0.782,28.164,0.0,2.308,51.469,4.265,10.127,0.663
3,-1.4,-2.5,0.0076,8.364,2.452,8.204,86.012,49.489,226.215,20.304,59.441,260.983,110.061,67.889,185.803,47.296,32.311,100.0,1487.299,284.714,51.689,108.601,0.092,5.279,78.243,7.941,0.01,0.427,0.597,14.392,0.158,0.505,27.751,0.0,2.269,67.127,5.244,13.332,0.516
3,-1.4,-2.0,0.0076,8.364,24.697,5.786,188.972,119.42,275.61,28.973,84.778,301.897,52.003,32.568,186.201,47.407,41.148,100.0,1661.643,282.205,27.159,73.533,0.039,2.847,65.221,7.878,0.007,0.257,0.439,14.253,0.116,0.372,27.375,0.0,2.234,68.664,4.2,13.783,0.386
3,-1.4,-1.5,0.0076,8.364,91.324,3.733,241.226,162.641,383.975,35.877,104.912,257.187,29.052,18.901,180.294,47.489,45.946,100.0,1626.187,281.0,17.046,42.23,0.472,2.002,48.218,7.701,0.004,0.217,0.44,13.981,0.116,0.372,26.709,0.0,2.161,60.413,2.547,12.265,0.297
3,-1.4,-3.0,0.0107,8.51,0.085,10.324,11.154,5.832,200.851,8.777,25.7,143.712,300.005,182.698,193.448,47.198,18.477,100.0,1206.237,284.582,136.441,145.991,0.601,13.482,79.977,8.204,0.015,0.956,1.169,14.755,0.309,0.989,28.635,0.0,2.372,69.548,5.741,13.615,0.847
3,-1.4,-2.5,0.0107,8.51,2.213,9.088,76.127,44.81,234.91,18.968,55.521,259.246,143.759,88.451,220.787,47.308,33.532,100.0,1788.811,282.316,69.583,141.395,0.137,6.858,73.313,8.155,0.011,0.548,0.751,14.632,0.199,0.635,28.293,0.0,2.342,89.929,7.085,17.765,0.632
3,-1.4,-2.0,0.0107,8.51,22.731,6.604,170.189,106.449,295.331,27.401,80.158,304.766,70.877,44.303,217.443,47.409,42.801,100.0,1978.792,280.348,37.201,96.775,0.07,3.759,60.139,8.083,0.007,0.334,0.563,14.483,0.149,0.476,27.901,0.0,2.304,90.054,5.728,17.991,0.465
3,-1.4,-1.5,0.0107,8.51,87.684,4.364,222.767,151.009,424.236,34.815,101.783,274.871,41.995,27.322,206.443,47.49,48.193,100.0,1903.796,279.688,24.337,57.257,0.92,2.712,45.767,7.876,0.004,0.288,0.58,14.169,0.153,0.49,27.144,0.0,2.22,76.279,3.531,15.421,0.374
3,-1.4,-3.0,0.0152,8.665,0.082,11.012,8.182,4.335,204.253,7.007,20.514,127.825,368.678,223.909,223.294,47.199,17.279,100.0,1390.302,282.303,180.361,186.198,0.844,17.107,76.217,8.392,0.017,1.234,1.483,14.992,0.392,1.254,29.176,0.0,2.441,93.984,7.711,18.264,1.08
3,-1.4,-2.5,0.0152,8.665,1.748,10.061,58.133,34.788,243.387,15.486,45.321,230.81,182.848,112.164,250.929,47.303,31.699,100.0,2064.466,280.348,93.039,181.38,0.209,8.776,68.933,8.356,0.012,0.704,0.951,14.884,0.252,0.804,28.872,0.0,2.415,120.497,9.582,23.635,0.771
3,-1.4,-2.0,0.0152,8.665,18.403,7.669,139.169,85.42,316.925,23.727,69.391,285.514,95.179,59.359,246.61,47.398,41.815,100.0,2295.416,278.763,51.102,127.226,0.131,4.923,56.604,8.275,0.007,0.436,0.729,14.719,0.193,0.617,28.446,0.0,2.373,118.373,7.861,23.51,0.565
3,-1.4,-1.5,0.0152,8.665,77.492,5.187,196.414,132.082,468.086,31.827,93.024,279.454,60.565,39.422,232.091,47.482,48.456,100.0,2188.588,278.409,35.334,78.403,1.859,3.654,43.245,8.052,0.004,0.387,0.781,14.371,0.207,0.661,27.614,0.0,2.281,96.42,4.937,19.394,0.486
4,-1.4,-3.0,0.0008,7.364,0.02,2.331,3.295,1.694,173.019,2.128,6.233,27.685,17.614,8.286,20.764,47.069,3.223,100.0,128.369,298.109,11.103,12.823,0.029,1.642,113.825,7.221,0.008,0.106,0.158,13.742,0.042,0.134,26.382,0.0,2.052,2.145,0.149,0.269,0.069
4,-1.4,-2.5,0.0008,7.364,0.762,2.365,28.249,14.547,180.113,5.425,15.887,59.301,7.601,3.63,26.57,47.183,6.68,100.0,203.15,296.857,6.096,12.349,0.005,0.843,114.642,6.826,0.008,0.068,0.114,13.3,0.03,0.096,25.305,0.0,1.914,2.884,0.18,0.363,0.078
4,-1.4,-2.0,0.0008,7.364,7.974,2.148,102.56,55.952,184.289,10.394,30.432,84.572,3.135,1.539,32.509,47.266,10.817,100.0,266.302,293.297,3.56,8.77,0.001,0.459,112.869,6.587,0.008,0.046,0.092,12.994,0.024,0.078,24.556,0.0,1.824,3.352,0.142,0.423,0.076
4,-1.4,-1.5,0.0008,7.364,32.157,1.507,183.337,102.385,204.715,17.074,49.967,73.751,1.421,0.742,41.771,47.41,15.816,100.0,333.906,289.032,2.295,4.839,0.025,0.297,101.323,6.612,0.007,0.037,0.084,12.912,0.022,0.071,24.35,0.0,1.812,3.818,0.082,0.484,0.057
4,-1.4,-3.0,0.0015,7.665,0.037,3.724,5.969,3.068,177.371,3.95,11.566,52.098,35.156,16.503,40.773,47.094,6.127,100.0,252.294,296.557,22.042,25.519,0.058,3.18,114.35,7.349,0.009,0.19,0.259,13.878,0.069,0.219,26.677,0.0,2.093,4.313,0.299,0.542,0.116
4,-1.4,-2.5,0.0015,7.665,1.343,3.643,49.476,25.89,188.806,9.75,28.548,108.538,15.421,7.339,51.528,47.212,12.42,100.0,396.193,294.851,11.867,24.644,0.011,1.611,114.824,7.031,0.009,0.117,0.178,13.506,0.047,0.151,25.755,0.0,1.978,5.798,0.365,0.73,0.12
4,-1.4,-2.0,0.0015,7.665,13.715,2.983,152.893,87.971,201.573,17.04,49.876,144.714,6.529,3.185,60.27,47.327,18.771,100.0,499.99,291.112,6.625,17.197,0.003,0.859,109.865,6.882,0.008,0.075,0.139,13.279,0.037,0.117,25.179,0.0,1.916,6.596,0.288,0.833,0.106
4,-1.4,-1.5,0.0015,7.665,53.292,1.953,234.652,139.351,238.502,24.892,72.797,119.503,3.094,1.601,70.77,47.447,24.755,100.0,580.52,287.057,4.119,9.42,0.078,0.561,91.203,6.889,0.006,0.062,0.131,13.185,0.035,0.111,24.935,0.0,1.9,7.055,0.167,0.896,0.076
4,-1.4,-3.0,0.0023,7.841,0.05,4.924,8.124,4.175,180.723,5.459,15.985,73.214,52.314,24.523,59.722,47.112,8.677,100.0,369.617,295.1,32.805,37.948,0.089,4.67,114.518,7.459,0.01,0.268,0.348,13.987,0.092,0.294,26.916,0.0,2.128,6.467,0.449,0.812,0.155
4,-1.4,-2.5,0.0023,7.841,1.778,4.664,65.112,34.641,195.714,13.11,38.383,148.862,23.251,11.042,74.535,47.23,17.248,100.0,575.82,293.082,17.519,36.687,0.017,2.357,114.203,7.201,0.009,0.163,0.234,13.667,0.062,0.198,26.115,0.0,2.031,8.679,0.548,1.092,0.152
4,-1.4,-2.0,0.0023,7.841,17.98,3.568,179.395,107.132,215.408,21.487,62.876,189.154,10.057,4.89,84.058,47.359,24.784,100.0,705.004,289.367,9.606,25.297,0.006,1.25,105.794,7.1,0.008,0.102,0.179,13.484,0.047,0.151,25.636,0.0,1.983,9.687,0.434,1.225,0.127
4,-1.4,-1.5,0.0023,7.841,67.624,2.256,254.212,156.85,265.544,29.149,85.201,152.1,4.933,2.539,93.299,47.47,30.656,100.0,778.465,285.794,5.915,13.855,0.151,0.828,83.8,7.078,0.005,0.085,0.173,13.368,0.046,0.146,25.337,0.0,1.959,9.919,0.253,1.263,0.089
4,-1.4,-3.0,0.003,7.966,0.061,5.943,9.827,5.053,183.572,6.71,19.649,91.059,69.023,32.32,77.662,47.127,10.922,100.0,480.747,293.765,43.395,50.103,0.119,6.119,114.479,7.556,0.011,0.342,0.428,14.081,0.113,0.362,27.124,0.0,2.159,8.606,0.597,1.081,0.189
4,-1.4,-2.5,0.003,7.966,2.102,5.478,76.056,41.085,201.545,15.693,45.941,180.785,31.026,14.713,95.692,47.245,21.294,100.0,742.447,291.517,23.078,48.436,0.023,3.086,113.117,7.347,0.01,0.206,0.286,13.803,0.076,0.241,26.421,0.0,2.077,11.515,0.731,1.45,0.179
4,-1.4,-2.0,0.003,7.966,21.143,4.014,193.599,118.391,226.989,24.551,71.826,221.821,13.656,6.625,104.779,47.379,29.464,100.0,887.378,287.912,12.541,33.122,0.009,1.636,101.917,7.271,0.008,0.128,0.215,13.647,0.057,0.182,26.001,0.0,2.037,12.644,0.579,1.6,0.144
4,-1.4,-1.5,0.003,7.966,77.566,2.5,261.444,165.55,288.171,31.827,92.992,176.614,6.898,3.539,111.924,47.486,34.995,100.0,946.64,284.825,7.71,18.219,0.242,1.097,78.335,7.221,0.005,0.108,0.212,13.507,0.056,0.179,25.645,0.0,2.005,12.536,0.34,1.599,0.1
4,-1.4,-3.0,0.0046,8.142,0.077,7.588,12.134,6.252,188.264,8.484,24.841,118.875,100.801,47.12,110.204,47.15,14.501,100.0,682.146,291.391,63.975,73.381,0.181,8.897,113.9,7.723,0.012,0.481,0.572,14.244,0.151,0.484,27.486,0.0,2.212,12.792,0.887,1.606,0.247
4,-1.4,-2.5,0.0046,8.142,2.495,6.729,88.689,49.199,211.094,19.025,55.685,226.929,46.095,21.812,132.633,47.27,27.382,100.0,1037.05,288.876,33.868,70.836,0.037,4.486,110.203,7.583,0.01,0.286,0.379,14.029,0.1,0.32,26.93,0.0,2.152,17.001,1.088,2.141,0.222
4,-1.4,-2.0,0.0046,8.142,25.051,4.723,206.167,128.74,245.917,28.056,82.045,266.426,20.905,10.111,138.99,47.402,36.019,100.0,1196.669,285.616,18.292,47.988,0.016,2.389,95.075,7.527,0.008,0.176,0.283,13.896,0.075,0.24,26.563,0.0,2.118,18.185,0.864,2.305,0.17
4,-1.4,-1.5,0.0046,8.142,89.247,2.933,263.187,172.096,325.75,34.762,101.507,213.023,11.094,5.666,141.26,47.503,40.931,100.0,1221.013,283.366,11.345,26.756,0.472,1.637,70.402,7.428,0.004,0.151,0.285,13.71,0.076,0.241,26.099,0.0,2.071,17.196,0.514,2.198,0.118
4,-1.4,-3.0,0.0061,8.267,0.085,8.756,13.185,6.814,191.997,9.473,27.736,136.737,130.137,60.751,138.459,47.168,17.038,100.0,856.928,289.374,83.702,95.207,0.243,11.513,112.818,7.863,0.013,0.608,0.7,14.384,0.185,0.592,27.797,0.0,2.257,16.844,1.168,2.115,0.295
4,-1.4,-2.5,0.0061,8.267,2.661,7.607,92.793,52.549,218.531,20.648,60.423,253.617,60.331,28.501,163.347,47.289,31.411,100.0,1285.776,286.793,44.201,91.746,0.052,5.806,106.866,7.765,0.011,0.359,0.463,14.21,0.123,0.392,27.337,0.0,2.21,22.233,1.432,2.801,0.256
4,-1.4,-2.0,0.0061,8.267,26.916,5.286,206.841,130.262,260.949,29.564,86.425,291.795,28.091,13.559,166.282,47.414,40.202,100.0,1451.245,283.918,23.89,61.976,0.026,3.114,89.364,7.711,0.008,0.221,0.347,14.08,0.092,0.293,26.981,0.0,2.178,23.322,1.141,2.959,0.191
4,-1.4,-1.5,0.0061,8.267,94.881,3.316,258.264,172.018,355.84,36.107,105.389,237.52,15.53,7.907,163.88,47.509,44.779,100.0,1440.665,282.297,15.031,35.095,0.752,2.174,64.991,7.573,0.004,0.192,0.356,13.855,0.094,0.301,26.429,0.0,2.118,21.318,0.686,2.73,0.134
4,-1.4,-3.0,0.0076,8.364,0.09,9.613,13.409,6.952,194.974,9.869,28.892,147.431,156.899,73.167,162.618,47.182,18.708,100.0,1006.017,287.693,102.477,115.466,0.306,13.96,111.336,7.98,0.014,0.728,0.818,14.505,0.216,0.692,28.066,0.0,2.295,20.74,1.436,2.605,0.337
4,-1.4,-2.5,0.0076,8.364,2.689,8.286,92.395,53.16,224.477,21.162,61.92,268.072,73.635,34.74,188.749,47.302,33.931,100.0,1494.695,285.154,54.06,111.16,0.068,7.045,103.429,7.908,0.011,0.427,0.54,14.358,0.143,0.457,27.671,0.0,2.257,27.21,1.763,3.43,0.284
4,-1.4,-2.0,0.0076,8.364,27.488,5.785,202.886,127.861,273.433,29.927,87.46,306.467,35.092,16.912,188.488,47.419,42.857,100.0,1664.268,282.622,29.332,75.173,0.039,3.81,84.482,7.849,0.008,0.264,0.406,14.225,0.108,0.344,27.313,0.0,2.224,28.119,1.41,3.572,0.209
4,-1.4,-1.5,0.0076,8.364,97.161,3.678,251.804,169.523,381.004,36.569,106.701,255.481,20.102,10.212,182.006,47.511,47.365,100.0,1622.603,281.458,18.756,43.239,1.079,2.701,60.872,7.684,0.004,0.232,0.423,13.969,0.112,0.358,26.689,0.0,2.154,25.036,0.856,3.21,0.148
4,-1.4,-3.0,0.0107,8.51,0.091,10.718,12.41,6.481,199.284,9.578,28.039,153.704,202.557,94.303,200.013,47.197,20.122,100.0,1235.33,285.156,136.978,151.37,0.432,18.345,107.673,8.161,0.015,0.943,1.026,14.703,0.271,0.868,28.512,0.0,2.356,28.035,1.938,3.52,0.407
4,-1.4,-2.5,0.0107,8.51,2.526,9.302,84.938,49.935,233.182,20.358,59.548,273.574,97.149,45.739,226.866,47.313,35.983,100.0,1815.901,282.804,72.218,145.735,0.104,9.275,96.893,8.116,0.012,0.549,0.676,14.587,0.179,0.572,28.19,0.0,2.328,36.442,2.383,4.596,0.328
4,-1.4,-2.0,0.0107,8.51,26.633,6.681,189.755,118.663,293.258,29.011,84.743,317.565,48.303,23.224,222.108,47.42,45.385,100.0,1997.538,280.82,39.688,99.574,0.074,5.101,76.761,8.046,0.007,0.344,0.518,14.443,0.137,0.438,27.81,0.0,2.29,36.875,1.924,4.692,0.237
4,-1.4,-1.5,0.0107,8.51,96.103,4.349,237.572,161.212,421.167,36.009,105.019,278.127,29.357,14.87,209.422,47.507,50.211,100.0,1907.479,280.196,26.228,58.872,1.852,3.707,55.032,7.847,0.004,0.309,0.553,14.142,0.146,0.468,27.088,0.0,2.209,31.574,1.187,4.055,0.176
4,-1.4,-3.0,0.0152,8.665,0.089,11.6,9.637,5.093,202.925,8.053,23.571,142.777,254.068,118.086,235.716,47.203,19.566,100.0,1451.993,282.833,181.471,195.445,0.616,23.758,101.541,8.345,0.018,1.22,1.292,14.928,0.342,1.092,29.024,0.0,2.422,37.917,2.611,4.76,0.489
4,-1.4,-2.5,0.0152,8.665,2.124,10.429,69.543,41.487,241.869,17.517,51.219,254.663,125.68,59.038,262.899,47.311,35.285,100.0,2132.37,280.798,96.118,189.149,0.162,12.099,88.291,8.313,0.013,0.706,0.851,14.829,0.225,0.72,28.741,0.0,2.398,48.87,3.23,6.167,0.377
4,-1.4,-2.0,0.0152,8.665,23.681,7.847,166.472,102.659,315.303,26.243,76.612,310.992,65.925,31.62,255.786,47.411,45.719,100.0,2348.467,279.241,54.012,132.302,0.146,6.81,68.508,8.23,0.008,0.451,0.67,14.664,0.177,0.566,28.321,0.0,2.356,48.511,2.645,6.184,0.272
4,-1.4,-1.5,0.0152,8.665,90.17,5.234,218.963,147.918,464.932,33.777,98.467,291.642,43.049,21.744,237.648,47.497,51.429,100.0,2210.376,278.98,37.425,81.214,3.197,5.084,50.473,8.01,0.004,0.415,0.737,14.325,0.195,0.623,27.515,0.0,2.265,39.895,1.661,5.132,0.214
5,-1.4,-3.0,0.0008,7.364,0.021,2.228,3.445,1.77,171.467,2.122,6.215,26.827,3.306,1.315,20.937,47.093,3.868,100.0,113.521,298.023,9.122,11.622,0.009,2.309,135.388,7.194,0.01,0.096,0.133,13.679,0.035,0.112,26.213,0.0,2.036,0.244,0.016,0.023,0.026
5,-1.4,-2.5,0.0008,7.364,0.821,2.226,30.081,15.5,178.882,5.392,15.788,56.565,1.49,0.606,26.883,47.223,7.887,100.0,180.233,297.161,6.022,11.1,0.002,1.244,132.254,6.808,0.01,0.066,0.101,13.268,0.027,0.085,25.209,0.0,1.901,0.329,0.019,0.031,0.026
5,-1.4,-2.0,0.0008,7.364,8.632,1.968,108.737,59.288,183.119,10.238,29.973,78.199,0.665,0.283,33.035,47.347,12.513,100.0,236.212,294.19,3.95,7.895,0.002,0.739,127.142,6.584,0.009,0.049,0.084,12.999,0.022,0.071,24.563,0.0,1.817,0.383,0.015,0.036,0.02
5,-1.4,-1.5,0.0008,7.364,34.101,1.351,191.338,106.613,204.03,16.353,47.845,66.044,0.355,0.163,42.596,47.557,17.66,100.0,290.023,291.067,2.672,4.446,0.27,0.543,112.131,6.636,0.008,0.046,0.085,12.976,0.022,0.071,24.528,0.0,1.812,0.428,0.008,0.04,0.012
5,-1.4,-3.0,0.0015,7.665,0.039,3.634,6.334,3.252,175.561,3.994,11.695,51.091,6.595,2.61,41.324,47.117,7.438,100.0,224.162,296.662,17.316,23.179,0.018,4.441,135.882,7.308,0.011,0.164,0.207,13.807,0.055,0.175,26.484,0.0,2.073,0.491,0.031,0.047,0.036
5,-1.4,-2.5,0.0015,7.665,1.461,3.501,53.06,27.812,187.123,9.803,28.702,104.687,3.009,1.212,52.361,47.248,14.82,100.0,352.604,295.214,10.905,22.171,0.004,2.345,132.708,6.994,0.01,0.108,0.148,13.454,0.039,0.125,25.611,0.0,1.96,0.662,0.038,0.063,0.034
5,-1.4,-2.0,0.0015,7.665,14.982,2.798,162.752,93.541,199.918,17.014,49.789,135.744,1.37,0.572,61.524,47.388,22.015,100.0,444.886,291.876,6.817,15.491,0.005,1.364,124.445,6.854,0.009,0.077,0.119,13.251,0.031,0.1,25.102,0.0,1.9,0.754,0.03,0.071,0.024
5,-1.4,-1.5,0.0015,7.665,56.621,1.786,246.178,145.767,237.106,24.33,71.117,109.016,0.763,0.34,72.671,47.564,28.26,100.0,508.728,288.661,4.514,8.666,0.504,1.017,101.896,6.886,0.007,0.073,0.124,13.205,0.033,0.105,24.999,0.0,1.891,0.799,0.017,0.075,0.015
5,-1.4,-3.0,0.0023,7.841,0.054,4.877,8.742,4.488,178.653,5.595,16.383,72.634,9.824,3.876,60.828,47.134,10.65,100.0,329.829,295.389,25.068,34.537,0.027,6.496,136.037,7.405,0.011,0.226,0.27,13.904,0.071,0.228,26.695,0.0,2.104,0.737,0.047,0.07,0.043
5,-1.4,-2.5,0.0023,7.841,1.956,4.551,70.38,37.535,193.605,13.341,39.053,145.193,4.531,1.815,76.083,47.263,20.802,100.0,514.17,293.549,15.433,33.047,0.007,3.406,132.235,7.149,0.01,0.145,0.188,13.599,0.05,0.159,25.93,0.0,2.008,0.991,0.057,0.094,0.039
5,-1.4,-2.0,0.0023,7.841,19.84,3.407,192.576,114.616,213.216,21.748,63.62,179.916,2.101,0.867,86.292,47.411,29.47,100.0,629.977,290.09,9.425,22.828,0.009,1.969,120.343,7.053,0.009,0.102,0.149,13.435,0.039,0.126,25.503,0.0,1.962,1.11,0.045,0.105,0.027
5,-1.4,-1.5,0.0023,7.841,72.114,2.101,268.114,164.749,263.562,28.954,84.574,140.851,1.209,0.528,96.353,47.567,35.605,100.0,686.975,287.177,6.203,12.776,0.758,1.49,94.194,7.056,0.006,0.098,0.158,13.361,0.042,0.134,25.328,0.0,1.945,1.131,0.026,0.106,0.016
5,-1.4,-3.0,0.003,7.966,0.067,5.954,10.676,5.484,181.252,6.952,20.357,91.189,12.986,5.112,79.44,47.147,13.528,100.0,430.466,294.216,32.499,45.681,0.037,8.491,136.001,7.49,0.012,0.283,0.327,13.988,0.086,0.276,26.878,0.0,2.131,0.981,0.063,0.094,0.049
5,-1.4,-2.5,0.003,7.966,2.341,5.416,82.968,44.953,199.154,16.171,47.333,178.384,6.043,2.411,98.158,47.276,25.966,100.0,665.423,292.088,19.733,43.706,0.009,4.439,131.216,7.281,0.011,0.18,0.224,13.721,0.059,0.189,26.203,0.0,2.049,1.316,0.077,0.125,0.043
5,-1.4,-2.0,0.003,7.966,23.592,3.89,209.987,127.605,224.417,25.155,73.563,213.667,2.848,1.168,108.089,47.425,35.457,100.0,795.867,288.633,11.89,29.955,0.015,2.561,116.251,7.211,0.009,0.125,0.176,13.581,0.047,0.149,25.826,0.0,2.011,1.452,0.06,0.137,0.029
5,-1.4,-1.5,0.003,7.966,83.226,2.363,277.305,174.754,285.798,32.032,93.513,165.632,1.684,0.727,116.1,47.57,41.201,100.0,839.795,286.074,7.813,16.835,1.025,1.963,88.385,7.185,0.005,0.122,0.19,13.479,0.05,0.16,25.582,0.0,1.986,1.436,0.035,0.135,0.018
5,-1.4,-3.0,0.0046,8.142,0.086,7.775,13.578,6.989,185.514,9.048,26.49,121.954,19.052,7.477,113.929,47.167,18.382,100.0,616.643,292.115,46.538,67.214,0.057,12.315,135.495,7.638,0.013,0.388,0.426,14.132,0.113,0.36,27.193,0.0,2.177,1.461,0.094,0.14,0.058
5,-1.4,-2.5,0.0046,8.142,2.857,6.806,98.867,55.036,208.237,20.133,58.915,229.398,9.007,3.577,137.514,47.299,34.166,100.0,937.253,289.632,27.799,64.203,0.016,6.424,128.336,7.497,0.011,0.244,0.289,13.925,0.076,0.244,26.656,0.0,2.117,1.949,0.114,0.185,0.049
5,-1.4,-2.0,0.0046,8.142,28.713,4.689,227.695,141.464,242.931,29.488,86.189,263.399,4.364,1.773,144.935,47.443,44.397,100.0,1082.368,286.392,16.523,43.631,0.029,3.715,109.012,7.447,0.008,0.168,0.226,13.803,0.06,0.191,26.322,0.0,2.086,2.097,0.09,0.199,0.033
5,-1.4,-1.5,0.0046,8.142,97.369,2.835,282.908,183.991,322.844,35.788,104.389,204.386,2.7,1.146,147.703,47.57,49.298,100.0,1092.801,284.494,10.913,24.828,1.604,2.905,79.696,7.37,0.005,0.167,0.249,13.651,0.066,0.211,25.958,0.0,2.045,1.983,0.053,0.187,0.02
5,-1.4,-3.0,0.0061,8.267,0.098,9.158,15.212,7.852,188.985,10.42,30.506,143.86,24.774,9.703,144.807,47.183,22.125,100.0,782.626,290.308,59.701,87.694,0.077,15.941,134.544,7.763,0.014,0.484,0.512,14.254,0.135,0.433,27.464,0.0,2.217,1.93,0.124,0.185,0.065
5,-1.4,-2.5,0.0061,8.267,3.142,7.842,106.093,60.288,215.461,22.467,65.729,262.884,11.856,4.693,171.329,47.316,40.128,100.0,1172.891,287.679,35.29,83.604,0.023,8.31,124.97,7.665,0.011,0.302,0.347,14.088,0.092,0.293,27.021,0.0,2.171,2.556,0.151,0.244,0.053
5,-1.4,-2.0,0.0061,8.267,31.785,5.34,233.218,146.369,257.875,31.864,93.09,295.723,5.886,2.378,175.24,47.452,50.664,100.0,1323.577,284.746,20.865,56.668,0.05,4.832,102.902,7.616,0.008,0.208,0.271,13.968,0.072,0.23,26.694,0.0,2.14,2.7,0.119,0.257,0.035
5,-1.4,-1.5,0.0061,8.267,105.519,3.259,281.552,186.597,352.702,37.908,110.509,232.58,3.779,1.587,172.627,47.566,54.973,100.0,1299.167,283.368,13.902,32.705,2.176,3.837,73.847,7.499,0.004,0.209,0.303,13.774,0.08,0.256,26.231,0.0,2.087,2.472,0.072,0.234,0.022
5,-1.4,-3.0,0.0076,8.364,0.105,10.25,16.004,8.286,191.858,11.223,32.853,159.367,30.139,11.786,172.264,47.197,24.928,100.0,929.362,288.77,72.092,107.057,0.098,19.382,133.252,7.869,0.014,0.571,0.588,14.36,0.156,0.498,27.699,0.0,2.252,2.384,0.153,0.229,0.07
5,-1.4,-2.5,0.0076,8.364,3.272,8.677,108.465,62.632,221.353,23.694,69.304,284.994,14.566,5.753,200.366,47.329,44.393,100.0,1376.938,286.104,42.283,101.888,0.032,10.096,121.448,7.799,0.012,0.355,0.4,14.222,0.106,0.338,27.322,0.0,2.214,3.139,0.186,0.3,0.056
5,-1.4,-2.0,0.0076,8.364,33.518,5.924,234.073,147.286,270.437,33.06,96.542,318.277,7.396,2.976,200.74,47.457,55.173,100.0,1530.563,283.491,24.975,69.12,0.079,5.912,97.704,7.745,0.008,0.246,0.315,14.098,0.083,0.266,26.989,0.0,2.182,3.268,0.148,0.311,0.037
5,-1.4,-1.5,0.0076,8.364,110.301,3.662,278.914,186.901,377.777,39.086,113.892,254.895,4.901,2.043,193.049,47.56,59.125,100.0,1472.835,282.509,16.818,40.469,2.768,4.752,69.354,7.597,0.004,0.249,0.354,13.87,0.094,0.299,26.447,0.0,2.119,2.915,0.089,0.277,0.023
5,-1.4,-3.0,0.0107,8.51,0.111,11.799,15.901,8.287,196.183,11.65,34.101,175.692,39.721,15.502,217.639,47.214,28.288,100.0,1169.434,286.348,94.7,142.303,0.141,25.698,129.929,8.037,0.016,0.727,0.721,14.536,0.191,0.61,28.091,0.0,2.307,3.245,0.207,0.313,0.079
5,-1.4,-2.5,0.0107,8.51,3.281,9.977,105.837,62.436,230.227,24.158,70.636,306.557,19.537,7.692,246.826,47.341,49.378,100.0,1707.313,283.772,54.945,135.235,0.051,13.377,114.624,7.997,0.012,0.451,0.493,14.431,0.13,0.417,27.791,0.0,2.28,4.232,0.253,0.406,0.061
5,-1.4,-2.0,0.0107,8.51,34.804,6.977,230.187,144.306,290.686,33.616,98.103,345.729,10.318,4.13,241.374,47.458,60.827,100.0,1867.432,281.701,32.594,92.548,0.166,7.949,89.432,7.929,0.008,0.317,0.394,14.293,0.104,0.333,27.432,0.0,2.244,4.315,0.203,0.413,0.04
5,-1.4,-1.5,0.0107,8.51,114.672,4.42,272.981,184.819,418.055,39.855,116.063,288.054,7.217,2.977,225.039,47.548,64.604,100.0,1751.901,281.271,22.474,55.612,4.008,6.514,62.911,7.74,0.004,0.324,0.449,14.015,0.119,0.38,26.778,0.0,2.167,3.697,0.125,0.352,0.026
5,-1.4,-3.0,0.0152,8.665,0.111,13.171,13.785,7.257,200.223,10.85,31.752,177.479,51.532,20.077,267.233,47.225,29.819,100.0,1427.48,283.929,124.0,187.747,0.205,33.921,124.111,8.213,0.018,0.925,0.884,14.737,0.234,0.748,28.541,0.0,2.368,4.438,0.283,0.429,0.088
5,-1.4,-2.5,0.0152,8.665,3.025,11.426,95.19,56.967,239.57,22.703,66.349,307.61,25.978,10.198,296.677,47.344,51.901,100.0,2067.052,281.635,71.418,178.884,0.086,17.708,105.658,8.188,0.013,0.575,0.612,14.65,0.162,0.518,28.288,0.0,2.346,5.731,0.346,0.552,0.067
5,-1.4,-2.0,0.0152,8.665,34.437,8.342,218.7,135.996,313.749,32.589,95.036,361.974,14.429,5.747,286.132,47.451,64.833,100.0,2247.586,280.06,42.914,124.923,0.374,10.735,80.524,8.104,0.008,0.413,0.503,14.491,0.133,0.425,27.887,0.0,2.304,5.725,0.281,0.551,0.044
5,-1.4,-1.5,0.0152,8.665,116.097,5.435,265.636,180.125,462.506,39.221,114.154,318.427,10.765,4.399,260.223,47.534,68.911,100.0,2062.77,280.107,30.712,77.711,5.951,8.98,56.907,7.882,0.004,0.429,0.581,14.167,0.154,0.492,27.132,0.0,2.216,4.7,0.175,0.45,0.031
6,-1.4,-3.0,0.0008,7.364,0.023,2.218,3.724,1.912,170.359,2.109,6.177,26.66,0.412,0.158,20.548,47.199,6.367,100.0,52.677,298.933,4.914,5.815,0.002,2.674,139.131,7.125,0.01,0.075,0.089,13.571,0.024,0.076,25.96,0.0,1.995,0.024,0.002,0.002,0.005
6,-1.4,-2.5,0.0008,7.364,0.907,2.187,32.855,16.943,177.847,5.248,15.368,55.212,0.203,0.078,26.554,47.383,12.595,100.0,84.426,299.197,4.015,5.28,0.001,1.633,135.25,6.755,0.01,0.057,0.069,13.22,0.018,0.059,25.117,0.0,1.866,0.032,0.002,0.003,0.004
6,-1.4,-2.0,0.0008,7.364,9.508,1.888,118.543,64.675,182.324,9.572,28.022,74.193,0.107,0.042,33.086,47.611,19.028,100.0,109.747,297.882,2.906,3.791,0.066,1.147,129.776,6.565,0.01,0.049,0.062,13.044,0.017,0.053,24.73,0.0,1.791,0.035,0.001,0.003,0.003
6,-1.4,-1.5,0.0008,7.364,36.781,1.278,207.26,115.37,204.267,13.724,40.161,61.68,0.074,0.03,43.477,47.939,24.045,100.0,124.536,297.059,1.993,2.41,0.873,1.028,114.406,6.685,0.012,0.057,0.077,13.178,0.02,0.065,25.105,0.0,1.801,0.036,0.001,0.003,0.002
6,-1.4,-3.0,0.0015,7.665,0.044,3.691,7.031,3.606,173.873,4.074,11.929,51.871,0.811,0.308,40.895,47.213,12.476,100.0,104.833,297.753,8.38,11.548,0.005,4.91,139.401,7.208,0.011,0.115,0.126,13.669,0.033,0.106,26.155,0.0,2.023,0.048,0.003,0.005,0.006
6,-1.4,-2.5,0.0015,7.665,1.643,3.523,59.056,31.029,184.76,9.844,28.822,104.825,0.396,0.152,52.257,47.376,24.233,100.0,166.466,297.19,6.44,10.48,0.002,2.867,135.388,6.887,0.011,0.082,0.09,13.343,0.024,0.076,25.359,0.0,1.909,0.064,0.004,0.006,0.005
6,-1.4,-2.0,0.0015,7.665,16.592,2.755,179.277,103.259,197.384,16.606,48.599,132.968,0.206,0.08,62.585,47.583,34.717,100.0,209.274,294.891,4.459,7.387,0.066,1.947,126.806,6.767,0.01,0.069,0.078,13.199,0.021,0.066,25.015,0.0,1.855,0.071,0.003,0.007,0.003
6,-1.4,-1.5,0.0015,7.665,60.932,1.724,269.077,159.055,235.805,21.746,63.583,105.719,0.145,0.057,75.57,47.891,40.794,100.0,224.825,293.876,3.002,4.662,1.298,1.783,103.813,6.87,0.012,0.084,0.104,13.3,0.028,0.088,25.31,0.0,1.863,0.069,0.002,0.006,0.002
6,-1.4,-3.0,0.0023,7.841,0.063,5.057,10.0,5.127,176.356,5.87,17.19,75.47,1.199,0.455,60.737,47.223,18.24,100.0,155.58,296.754,11.338,17.176,0.007,6.997,139.405,7.276,0.011,0.149,0.155,13.738,0.041,0.131,26.3,0.0,2.044,0.072,0.005,0.007,0.007
6,-1.4,-2.5,0.0023,7.841,2.244,4.69,79.853,42.754,190.288,13.82,40.456,149.166,0.586,0.224,76.782,47.375,34.838,100.0,244.857,295.669,8.432,15.599,0.004,4.006,134.777,7.001,0.011,0.103,0.107,13.443,0.028,0.091,25.568,0.0,1.944,0.096,0.006,0.009,0.006
6,-1.4,-2.0,0.0023,7.841,22.117,3.44,214.784,127.906,209.7,22.062,64.543,181.448,0.305,0.118,89.112,47.573,48.021,100.0,300.063,292.901,5.697,10.892,0.085,2.686,122.626,6.924,0.01,0.085,0.092,13.323,0.024,0.078,25.265,0.0,1.903,0.105,0.005,0.01,0.003
6,-1.4,-1.5,0.0023,7.841,77.628,2.072,294.808,180.635,261.409,27.197,79.464,140.636,0.218,0.086,101.67,47.858,53.761,100.0,310.353,291.978,3.808,6.857,1.685,2.49,95.928,6.998,0.012,0.107,0.126,13.387,0.033,0.107,25.469,0.0,1.904,0.1,0.003,0.009,0.002
6,-1.4,-3.0,0.003,7.966,0.08,6.302,12.598,6.461,178.451,7.51,21.99,97.036,1.58,0.599,80.08,47.232,23.668,100.0,204.91,295.844,13.978,22.716,0.01,8.987,139.307,7.336,0.012,0.179,0.179,13.796,0.047,0.152,26.423,0.0,2.063,0.096,0.006,0.009,0.008
6,-1.4,-2.5,0.003,7.966,2.746,5.709,96.072,52.327,195.034,17.284,50.591,188.102,0.774,0.295,100.223,47.377,44.544,100.0,319.839,294.376,10.175,20.648,0.005,5.091,133.722,7.099,0.011,0.122,0.122,13.528,0.032,0.103,25.751,0.0,1.975,0.128,0.008,0.012,0.006
6,-1.4,-2.0,0.003,7.966,26.543,4.012,236.358,144.016,220.338,26.471,77.414,221.66,0.406,0.156,113.344,47.566,59.599,100.0,383.952,291.354,6.764,14.333,0.11,3.395,118.461,7.048,0.01,0.1,0.104,13.423,0.028,0.088,25.473,0.0,1.942,0.138,0.006,0.013,0.004
6,-1.4,-1.5,0.003,7.966,89.858,2.373,306.503,192.376,283.188,31.343,91.526,169.437,0.294,0.114,123.984,47.826,64.513,100.0,386.128,290.536,4.508,9.035,2.05,3.175,89.912,7.092,0.011,0.127,0.146,13.449,0.039,0.124,25.582,0.0,1.935,0.129,0.004,0.012,0.002
6,-1.4,-3.0,0.0046,8.142,0.108,8.552,16.974,8.721,181.953,10.343,30.281,135.895,2.318,0.877,117.075,47.245,33.523,100.0,298.853,294.186,18.604,33.501,0.015,12.746,138.873,7.444,0.013,0.231,0.222,13.897,0.059,0.188,26.639,0.0,2.097,0.145,0.01,0.014,0.009
6,-1.4,-2.5,0.0046,8.142,3.508,7.469,119.294,66.937,203.111,22.902,67.018,254.765,1.145,0.435,143.903,47.388,61.498,100.0,459.642,292.213,13.176,30.5,0.009,7.152,131.06,7.267,0.011,0.155,0.149,13.675,0.039,0.126,26.068,0.0,2.027,0.19,0.012,0.018,0.006
6,-1.4,-2.0,0.0046,8.142,33.006,5.003,260.852,163.127,238.266,33.082,96.695,287.341,0.61,0.233,156.198,47.557,78.767,100.0,534.364,289.012,8.583,21.046,0.187,4.751,111.154,7.239,0.009,0.127,0.127,13.583,0.033,0.107,25.812,0.0,2.001,0.202,0.009,0.019,0.004
6,-1.4,-1.5,0.0046,8.142,105.985,2.929,315.856,204.071,319.48,37.351,108.973,217.554,0.451,0.175,160.896,47.769,81.689,100.0,516.523,288.382,5.72,13.362,2.773,4.5,81.05,7.226,0.009,0.164,0.181,13.539,0.048,0.153,25.746,0.0,1.979,0.182,0.005,0.017,0.002
6,-1.4,-3.0,0.0061,8.267,0.13,10.46,20.331,10.474,184.855,12.678,37.118,168.565,3.028,1.145,152.006,47.256,42.215,100.0,387.135,292.734,22.631,43.933,0.021,16.283,138.189,7.537,0.014,0.276,0.258,13.983,0.068,0.218,26.826,0.0,2.126,0.192,0.013,0.018,0.009
6,-1.4,-2.5,0.0061,8.267,4.041,8.906,133.43,76.661,209.881,27.201,79.58,307.371,1.508,0.572,183.872,47.4,75.797,100.0,587.607,290.459,15.737,40.044,0.014,9.102,128.102,7.403,0.012,0.185,0.173,13.796,0.046,0.147,26.335,0.0,2.069,0.252,0.015,0.024,0.007
6,-1.4,-2.0,0.0061,8.267,37.362,5.845,271.699,172.216,253.159,37.84,110.544,337.393,0.816,0.311,193.64,47.552,94.254,100.0,667.438,287.315,10.13,27.59,0.289,6.046,105.217,7.381,0.009,0.151,0.147,13.705,0.039,0.124,26.079,0.0,2.046,0.263,0.012,0.025,0.004
6,-1.4,-1.5,0.0061,8.267,116.033,3.438,317.526,208.662,348.913,41.656,121.456,256.01,0.614,0.237,191.234,47.725,95.301,100.0,627.746,286.872,6.781,17.678,3.463,5.779,74.982,7.321,0.008,0.198,0.213,13.606,0.056,0.18,25.874,0.0,2.01,0.23,0.007,0.021,0.003
6,-1.4,-3.0,0.0076,8.364,0.148,12.13,22.948,11.856,187.355,14.586,42.7,196.662,3.711,1.403,184.931,47.266,49.857,100.0,469.901,291.451,26.236,54.016,0.027,19.646,137.352,7.618,0.014,0.316,0.289,14.059,0.076,0.244,26.992,0.0,2.152,0.24,0.016,0.023,0.01
6,-1.4,-2.5,0.0076,8.364,4.419,10.147,142.309,83.311,215.664,30.48,89.152,350.405,1.863,0.706,220.535,47.409,87.875,100.0,704.876,289.0,17.991,49.281,0.02,10.963,125.154,7.516,0.012,0.212,0.195,13.899,0.052,0.165,26.562,0.0,2.105,0.313,0.019,0.029,0.007
6,-1.4,-2.0,0.0076,8.364,40.313,6.616,277.261,176.675,266.018,41.367,120.795,378.264,1.023,0.39,226.969,47.548,107.07,100.0,786.864,286.015,11.497,33.994,0.408,7.296,100.321,7.491,0.008,0.173,0.165,13.804,0.044,0.14,26.298,0.0,2.081,0.322,0.015,0.03,0.004
6,-1.4,-1.5,0.0076,8.364,122.746,3.929,317.613,210.785,373.754,44.836,130.66,288.862,0.782,0.301,216.971,47.694,106.383,100.0,724.562,285.772,7.751,21.986,4.178,7.016,70.5,7.396,0.007,0.229,0.243,13.662,0.064,0.205,25.99,0.0,2.035,0.275,0.009,0.026,0.003
6,-1.4,-3.0,0.0107,8.51,0.171,14.84,26.243,13.641,191.571,17.281,50.58,240.294,4.996,1.887,244.659,47.283,62.221,100.0,618.85,289.25,32.518,73.092,0.039,25.92,135.331,7.758,0.016,0.384,0.342,14.191,0.09,0.289,27.282,0.0,2.196,0.332,0.022,0.031,0.011
6,-1.4,-2.5,0.0107,8.51,4.846,12.201,150.516,90.478,225.206,34.856,101.909,414.663,2.543,0.963,285.258,47.422,106.827,100.0,911.653,286.687,21.835,66.817,0.037,14.448,119.547,7.692,0.012,0.26,0.234,14.064,0.062,0.198,26.932,0.0,2.161,0.429,0.027,0.04,0.008
6,-1.4,-2.0,0.0107,8.51,43.745,8.018,281.521,179.35,287.531,46.081,134.457,441.465,1.437,0.546,284.344,47.544,127.102,100.0,994.018,284.128,13.863,46.426,0.708,9.678,92.732,7.655,0.008,0.214,0.2,13.957,0.053,0.169,26.643,0.0,2.134,0.433,0.021,0.041,0.005
6,-1.4,-1.5,0.0107,8.51,130.784,4.865,317.058,212.23,414.133,49.126,143.051,343.109,1.128,0.432,259.406,47.652,123.474,100.0,887.157,284.256,9.532,30.57,5.576,9.383,64.407,7.508,0.006,0.287,0.296,13.755,0.078,0.251,26.191,0.0,2.073,0.356,0.013,0.033,0.003
6,-1.4,-3.0,0.0152,8.665,0.19,17.698,27.931,14.645,196.311,19.364,56.666,280.75,6.739,2.544,321.281,47.3,75.201,100.0,807.129,286.712,40.383,99.275,0.059,34.468,131.812,7.919,0.018,0.466,0.404,14.348,0.107,0.342,27.629,0.0,2.247,0.465,0.031,0.044,0.012
6,-1.4,-2.5,0.0152,8.665,5.076,14.537,151.016,92.888,235.952,38.155,111.494,472.547,3.492,1.321,366.119,47.433,126.438,100.0,1169.504,284.231,26.517,91.13,0.075,19.203,112.437,7.877,0.013,0.321,0.284,14.246,0.075,0.241,27.341,0.0,2.22,0.595,0.037,0.056,0.008
6,-1.4,-2.0,0.0152,8.665,46.015,9.828,279.554,177.036,312.792,49.894,145.449,505.106,2.046,0.776,354.976,47.538,148.42,100.0,1250.143,282.254,16.841,64.31,1.242,13.004,85.273,7.819,0.008,0.269,0.247,14.119,0.065,0.209,27.014,0.0,2.188,0.586,0.03,0.055,0.005
6,-1.4,-1.5,0.0152,8.665,137.149,6.145,317.292,212.691,459.172,52.706,153.354,403.909,1.664,0.636,309.798,47.615,141.43,100.0,1080.639,282.878,12.015,43.435,7.664,12.702,60.415,7.626,0.006,0.366,0.372,13.862,0.098,0.315,26.437,0.0,2.113,0.461,0.018,0.043,0.004
